"This Is Flower, The Dumb Robot Pony.",37,67.27%,55,
The Element Of Kindness [Animation],34,61.82%,55,
Appropriate Cursing [MLP Animation],32,58.18%,55,
What Is A Bit?,26,47.27%,55,
Friendship is Musical VGM #5,23,41.82%,55,
FiM but it's an edgy reboot,21,38.18%,55,
When Love Repeats l MLP G5 Animation,20,36.36%,55,
[S1-4] Bonds Of Justice ~ Not Far From The Tree,19,34.55%,55,
How Many Times Do They Say Dragon in MLP:FiM (Seasons 1-3),18,32.73%,55,
Evil Applejack (Scootertrix The Epilogue),16,29.09%,55,
I'm Always Here for You,15,27.27%,55,HM
Mlp Animations: Loving Night,14,25.45%,55,
The Lovey Dovey Stuff,14,25.45%,55,
The Twilight Vs. Trixie Saga: Mares On The Moon (Part 7),14,25.45%,55,HM
The History Of Canon My Little Pony Ocs,11,20.00%,55,
"Sweetie Bot Sings Hello, World",7,12.73%,55,
Floof N Friends: Thank You,6,10.91%,55,
[Pmv] I Miss You : Princess Cadence Another Story [Animatic],5,9.09%,55,
I'M Good (Blue) | Animation Meme,5,9.09%,55,
Sunny And Sprout Talk [Sfm Ponies],5,9.09%,55,
Bluey Meets My Little Pony!,4,7.27%,55,
Mare Fair 2023,4,7.27%,55,
My Little Pony: The Movie Trailer (Guardians Of The Galaxy Vol. 3 Trailer 2 Style),4,7.27%,55,HM
Unmake It Quick,3,5.45%,55,
When Love Repeats | Mlp G5 Animation,3,5.45%,55,
Who Is Lyra Heartstrings? | Mlp History,3,5.45%,55,
Alicorns- Let'S Talk About Em',2,3.64%,55,
So Bitter (Remix) | Pmv Animation #Meme | My Little Pony®: A New Generation/Make Your Mark,2,3.64%,55,
Sparky Sugar Peas L Mlp G5 Fan Animation,2,3.64%,55,
Startrix - Comfort [Sfm Ponies],2,3.64%,55,
"Tf2 Analysis: ""Change Of Mind"" (Part 2)",2,,55,
"This Is Flower, The Dumb Robot Pony",2,,55,
[Director'S Commentary] Elements Of Justice [2-7],1,,55,
[Fnf] The Real Babs Seed Song,1,,55,
[Mlp Animatic] Pinkie And Izzy'S Quiet Room [By 落云叉叉狮鹫子],1,,55,
[Mlp Comic Dub] Twitalian (Comedy),1,,55,
[Mlp Meme] Lunar Game - Crimewave [By 青扬桦钙],1,,55,
[Mlp/Sfm] All The Way - Lancershot,1,,55,
[Mlp/Sfm] Still Alive Sfm Music Video,1,,55,
[Sfm] Anger,1,,55,
[Sfm] I Just Wanna Talk,1,,,
[Sfm/Ponies] The Fallen: I Know You,1,,,
/ Celestia'S Pc Problem | Mlp Comic Dub [Comedy],1,,,
2000 Sub Special Qna Ft: @Lerovun,1,,,
Alicorns- Lets Talk About Em',1,,,
Appropriate Cursing,1,,,
"Bonds Of Justice, Not Far From The Tree",1,,,
Bronies Traumatized A Generation,1,,,
Cursed My Little Pony Merch,1,,,
Friendship Is Magic || Gangsta'S Paradise,1,,,
How Good Of A Pony Can I Draw In 5 Minutes?,1,,,
How Many Calories Are In A Hayburger?,1,,,
How The Royal Couple Shows Believable Parenting,1,,,
I'M Not Your Little Buggo!,1,,,
Marina Waves To You!,1,,,
Metagearluna: The Long War,1,,,
Mlp: Fluttershy And The Missing Pets.,1,,,
Mlp:Fim | Full Pmv | R I T U A L,1,,,
My Little Pony Crusaders Intro (In The Style Of Friends Season 1-9),1,,,
Pinkie Gets On Starswirl'S Nerves,1,,,
Ponillow,1,,,
Portal In | Edventures | Episode: 9,1,,,
Princewhateverer - [Code Phantom] (Destabilize Pt.4A),1,,,
Princewhateverer - Friends In Maretime [Mlp Music],1,,,
Rainbow Dash Gets Booped [Sfm Ponies],1,,,
Rainbow Dash Is Finally Caught!,1,,,
So Bitter (Remix) | Pmv Animation,1,,,
Sweetiebot Sings Hello World,1,,,
The Cavalry,1,,,
The Real Reason Why 'Chapter 2' Worked! - Yay Or Neigh: Make Your Mark Chapter 2 Season Review,1,,,
Trixie'S Meme-Off,1,,,
Unexpected Zebra In The Bagging Area,1,,,