Pinkie's Night Time Terror [Halloween Special],31,73.81%,42,
The Amazing Digital Circus Parody: Pomni Pony,27,64.29%,42,Tie broken randomly by Random.org
A Nightmare On Twig Street,27,64.29%,42,Tie broken randomly by Random.org
Pathetic,20,47.62%,42,
"Mlp G5 Animatic ""Conflict""",19,45.24%,42,
The Twilight Vs. Trixie Saga: Pure Corruption (Part 8),18,42.86%,42,Tie broken randomly by Random.org
Timber [Pmv World Collab],18,42.86%,42,Tie broken randomly by Random.org
What Is A Princess?,14,33.33%,42,
How To Scare Horse Kids,12,28.57%,42,
Opaline Vs The Mane 6 (Chapter 6 Leaked!!),11,26.19%,42,
How Much Candy Can You Get On Nightmare Night?,10,23.81%,42,
Kosh's little tale | A thousand fears | Part 2 | MLP Animation,10,23.81%,42,HM
A Royal Scare (Sfm Ponies Short),9,21.43%,42,
Whirlwind's Flying Horse Energy Advert,8,19.05%,42,HM
"Pony Baby Comic: ""Trick Or Treat!"" [Part 2]",7,16.67%,42,
Mlp - Cupcakes: Interrogation,7,16.67%,42,
"Alright Flower, This Is How A Pony Robot Is Supposed To Charge ! - Sweetie Bot 2560 V3.8",5,11.90%,42,
Spooky Pumpkin Song,5,11.90%,42,
L0Stpony.Txt 2011 (Found Lost Media),4,9.52%,42,
Friendship Is Magic Part 2 Explained By An Idiot,4,9.52%,42,
Sfm Happy Halloween! - Animation Meme,4,9.52%,42,
I Don'T Need It [Sfm Ponies],4,9.52%,42,
A Closer Look At Bat Ponies In My Little Pony,4,9.52%,42,
Free Hugs!,3,7.14%,42,
Terror Wolf Halloween Special,3,7.14%,42,
Mare Fair 2023 Concert Visuals (Backing Only),3,7.14%,42,
Reforming Baby Chrysalis - Mlp Baby Comic,2,4.76%,42,
Couldn'T You Just Simply Die? Ll Animation [Lil Miss Rarity - Grimdark/ Creepypasta],2,4.76%,42,
Baby Luna The Devourer,2,4.76%,42,
How Bad Can Luna Possibly Be!,2,4.76%,42,
Loopy The Unicorn,2,,,
#English Bon Appetit! Red Flags. - My Little Pony (Sfm\Pony\Meme),1,,,
Friendship Is Tragic 2: A Tale Of Two Princesses: Ep09 - Awakening [Mlp Audio Drama],1,,,
Celestia Finds A Tree (Sfm Animation),1,,,
Mare Fair 2023 Opening Ceremony Animation,1,,,
"Tf2 Analysis: ""Crime And Chocolate"" (Comic Dub)",1,,,
Pizza Tower But It'S Pinkie Pie Lol,1,,,
The Fnaf Fangame That Tested My Sanity,1,,,
My Little Pony Fan Animation : It'S About Animals Part. 2,1,,,
[Fnf] Rainbow Weed,1,,,
Vote For Twilight,1,,,
Opaline Vs The Mane 6,1,,,
Book Twilight,1,,,
You'Re Not The Only Specky | Tadc Ending Reanimated,1,,,
How Bad Can Luna Possibly Be! #Slhalloweencontest2023,1,,,
Kindness - Funkin Is Magic,1,,,
Scootaloo Finds Out Why Rainbow Dash Likes Cider,1,,,
Mlp & Tmnt - Maximus Kong Vs Twilight Sparkle - In The Middle Of The Night (Animatic/Animation),1,,,
Flutterbat Eating Apples,1,,,
Every Reference In Make Your Mark: Chapter 5,1,,,
Spooky Pumpking Song,1,,,
Halloween Special[Mlp Sfm/60Fps],1,,,
Bronies React: My Little Pony G5 - Bridlewoodstock,1,,,
Pipp Has A Mental Breakdown [Sfm],1,,,
Creatures Of The Night | Mlp Original Halloween Fan Song Pmv,1,,,
Mlp:Fim Applebuck Season Review [Vival],1,,,
Friendship Is Tragic 2: A Tale Of Two Princesses: Ep07 - The Crystal Heart [Mlp Audio Drama],1,,,
My Little Pony Teaser [The Creator Style],1,,,
The Fallen Zombies: Damnation,1,,,
【Music】Crush Kill Destroy Swag,1,,,