Griffin Village (Animation),39,75.00%,52,
Baby Luna The Devourer,38,73.08%,52,
Where Are We?,30,57.69%,52,
Trixie Revenge,26,50.00%,52,
Awoken || Animated Pmv,25,48.08%,52,
Ponies Vs The French,21,40.38%,52,
Mare Fair 2023 Opening Ceremony Animation,21,40.38%,52,
Free Hugs!,19,36.54%,52,
Bill Cipher Vs Discord (Gravity Falls Vs My Little Pony) | Death Battle!,18,34.62%,52,
Derpmento,18,34.62%,52,
What I Learned All Over This Time (Chapter 5) [Mr. Poniator Parody],17,32.69%,52,HM
Is Rarity A Millionaire?,12,23.08%,52,
Turning Grey L Mlp G5 Animated Music Video,11,21.15%,52,
Rarity'S First Dress - Mlp Baby Comic,7,13.46%,52,
Trixie Does A Magic,7,13.46%,52,
Lemon Pmv | Kenshi Yonezu,6,11.54%,52,
Grimace Shake Animation,6,11.54%,52,HM
The My Little Pony Fandom And Cease & Desists,5,9.62%,52,
Brainless Ponies Band - Up To The Sky,5,9.62%,52,HM
Pinkie Pie'S Secret Revealed [Sfm Ponies],4,7.69%,52,
[Mlp/Sfm] Shinultrapony In A Nutshell,3,5.77%,52,
Roseluck (Animation),3,5.77%,52,
I Read Every My Little Pony Book,3,5.77%,52,
Equestria'S Next Top Motormouth,3,5.77%,52,
Friendship Is Magic P1 Explained By An Idiot (A @Highboi Parody),3,5.77%,52,
Ask Twilight [Sfm Ponies],3,5.77%,52,
Elements Of Justice: Tongue-Tied Turnabout #2 - Attack Of The Malepones,3,5.77%,52,
‚òÖ [Mlp] Cupcakes Hd | Re-Animated,3,5.77%,52,
You Look Lonely I Can Fix That,2,3.85%,52,
Choice -- Animation Meme (The Friendship Test),2,3.85%,52,
Pinkie'S Bard [Sfm],2,,52,
Love Calculator Vs Your Mlp Ships,2,,,
Angel Wolf: Nuke,2,,,
[Fnf] Pibby Proliferation V1 - One Missing Element,2,,,
[Mlp Animatic] Are You Lost? || Starlight X Trixie [By ÈõæÊ£ÆÁä¨ÈöêMisty],2,,,
Sparkle: Intro Credits (Monk Parody),2,,,
Mlp Ponies Go To Bronycon ü¶Ñ,2,,,
[Sfm] Mining Mine,1,,,
Reading Your Controversial Mlp Opinions!,1,,,
Rarity & Spyro - Gem Buddies„ÄêSfm„Äë,1,,,
Don'T Touch My Cookies,1,,,
The Strange World Of Mlp Funko Pops...,1,,,
(Mlp Asmr) Trixie Lulamoon'S Asmr Show | Animated Asmr,1,,,
[Gmod] Banana For You,1,,,
The Fallen: So Cold Pmv (Collab With @Itzspecky),1,,,
Chitty Bang Bang Mlp [Sfm],1,,,
The Story Of The Lyra Plushie,1,,,
Beo Wolf: Flying Instructor,1,,,
Cutie Mark Crusading (Caramelldansen) Mlp Song Cover Pmv,1,,,
The Real Number Of Timelines In Mlp,1,,,
Pni- It'S Terror Time Again Pmv,1,,,
"The Chest Of Harmony, Why Is It With Opaline? (Mlp G5 Hypothesis)",1,,,
Reading Your Controversial Mlp Opinions,1,,,
[Mlp/Sfm] Lemon Pmv | Kenshi Yonezu,1,,,
[Sfm/Ponies] The Icon Of Sin Escalator,1,,,
It'S Rarity A Millionaire?,1,,,
1000 Subscribers,1,,,
Lemon Pmv,1,,,
Scootaloo Plays G3 Pinkie Pie'S Party [I Am Scoota-Losing It],1,,,
[Mlp/Sfm] Lost Soul Ponies Edition,1,,,
My Russian Pony - At The Dawn,1,,,
[Sfm] Can I Get A ...,1,,,
Missing Color Part 3,1,,,
[Mlp/Sfm] Red Flags Ponies Edition,1,,,
Rarity & Spyro - Gem Buddies Sfm,1,,,
[Mlp/Sfm] Here'S To You | Sfm Pmv,1,,,