"Alternate Realities (Song) - Ashley H, Tpressleyj, & Friends",28,53.06%,49,,,
Mango Thief (Mlp In Real Life),26,51.02%,49,,,
Mlp Animation - Keyboard Ponies Part 2! (Brony Songs),25,42.86%,49,,,
Totally Legit Recap: Rainbow Rocks (Part 2),21,42.86%,49,,,
La Lune [Pmv],21,42.86%,49,,,
Bronies React: My Little Pony: The Movie,21,38.78%,49,,,
Different View Of Magic [Animation],19,28.57%,49,,,
Fairy Dust By Wubby Dubby,14,26.53%,49,,,
Royal Correspondence: Episode 17,13,24.49%,49,,,
Friendship Is Randomly Musical 1,12,20.41%,49,,,
Friendship Is Randomly Musical 2,10,18.37%,49,,,
Apogee Wants To Dance!,9,18.37%,49,,,
Mlp Animation: Festival Of Lights Holiday Special,9,16.33%,49,,,
Brony 2018,8,14.29%,49,,,
Climax,7,12.24%,49,,,
Climax,6,12.24%,49,,,
Hymn - Great And Powerful Trixie [Ponydub],6,,,,Channel dupe for HM: Memoir Of Season 7 - This Is Me Pmv,13
【Animation & Music】 Homeward,5,,,,,
Happier [Pmv],4,,,,,
Every Episode Of Mlp Reviewed In 10 Words Or Less (Seasons 6 And 7),4,,,,,
Yoshi Greenwater Youtube Live Shorts Vol. 2,4,,,,,
Shadowland (A Remembrance Inspired Animatic Project) Ashleyh,3,,,,,
Episode 1 - From Crunk Til Dawn - Bota,3,,,,,
Applejack'S Juice,3,,,,,
【Pmv】Wars,3,,,,,
"Mlp Baby Comic ""Princess Celestia'S First Cake""",2,,,,,
Scootertrix The Redub: Episode 01,2,,,,,
Alternate Realities (Song),2,,,,,
Bananon,2,,,,,
[1/8] Phantom Of The Opera - Animatic,2,,,,,
I'M Listening - Twitchy Tales (Comedy),1,,,,,
Bronies React: My Li+Tle Pony: The Movie,1,,,,,
Jurassic World: Main Street Showdown - My Little Pony Version (Abandoned Sequence),1,,,,,
[Blind Commentary] Equestria Girls: Rollercoaster Of Friendship,1,,,,,
"Alternate Realities (Song) Ashley H, Tpressleyj, & Friends",1,,,,,
Lullaby For A Princess (Fan Work) | My Little Pony: Fim Reviews,1,,,,,
[Sfm] Five Nights At Pinkie'S 6 - Teaser,1,,,,,
Twinks Special Somepony,1,,,,,
A Big Day - Sofia The First: Forever Royal Pmv,1,,,,,
Rations! | Rise & Shine Pony Short,1,,,,,
Ponyvlle Pd-Interview Applejack-,1,,,,,
Mlp Animation Keyboard Ponies Part 2! (Brony Songs),1,,,,,
Fox-Review Ultimate (Feat. Tyandaga And Others): Best Gift Ever (Mlp Fim Special),1,,,,,
Apogee Still Wants To Battle!,1,,,,,
Super Smash Bros Ultimate - Twilight Sparkle Fighter Reveal Trailer.,1,,,,,
[Sfm]Mares Love Cannons Part 1,1,,,,,
Pmv: Living After Midnight By Judas Priest,1,,,,,
[Mlp Comic Dub] Constellations (Comedy),1,,,,,
Old School Pony Review: My Little Pony Escape From Catrina,1,,,,,
Taking Rock Solid Friendship Too Seriously Ft. Animechristy,1,,,,,
Fanmail Unboxing #4 - Tears And The Holiday Spirit!,1,,,,,
My Little Tale - Episode 3 - A Kind Heart,1,,,,,
Hiking With Fluttershy At Tuck And Robin Lakes - Goats! | Wild Equestria [4K],1,,,,,
The Sad Tale Of Pinkis Cupcake,1,,,,,
[Animation] Guardians,1,,,,,
Pinkie Pies Droop Strudel,1,,,,,
Panic Room Mlp Style,1,,,,,
Mlp Next Generation Comic Dub - Different,1,,,,,
"Why Do Anime Eyes Look Like This? - Why, Anime? | Get In The Robot",1,,,,,
Pfor Animated Ep 2 ~ The Tour,1,,,,,
Bronycon 2018 Cosplay Showcase,1,,,,,
Shadowland (A Remembrance Inspired Animatic Project),1,,,,,
[Pmv] - Where'D U Go,1,,,,,
Eqg Minis: Trabajando Con Sunset Shimmer | Working With Sunset Shimmer | English Sub | Ponydubberx,1,,,,,