Artifacts Of Equestria,45,77.59%,58
Look Back: Season 9 [Animation],44,75.86%,58
"Totally Legit Recap: ""Going To Seed"" Season 9 Episode 10",27,46.55%,58
Spacegirl | Pmv Collab,25,43.10%,58
[Pmv Collab] Stay Closer,24,41.38%,58
"Mlp Season 9 In A Nutshell: Ep. 23 ""The Big Mac Question""",21,36.21%,58
"Fallout: Equestria ""Nocturnal Creatures"" [Sfm]",19,32.76%,58
Pmv Collab - Forever,14,24.14%,58
G4 Was Super Rad! (Animatic),11,18.97%,58
[Sfm Ponies]: Steel Vs Feathers,9,15.52%,58
[Sfm Ponies] Hellsing Abridged: The Penthouse,9,15.52%,58
Everything Right/Wrong With Sunset Shimmer's Backstage Pass In 13 Minutes Or Less,7,12.07%,58
Griffin Village Animation - Official Trailer,6,10.34%,58
[2/8] Think Of Me - Animatic,6,10.34%,58
All Is Found (Mlp Animatic),6,10.34%,58
Mlp: Pony Life | Episode 1 áµ˜â¿Official Clip âœ¨,6,10.34%,58
Mlp Final Boss Battle Remake (Part1),6,10.34%,58
Yoshi Greenwater Youtube Live Shorts Vol. 5,5,8.62%,58
One Second Of Pinkie Pie From Every Episode Of Mlp,5,8.62%,58
Ponies To Epic Film Scores,4,,
"Tf2 Analysis: ""Asking For The Moon""",4,,
Starlight Glimmer: Joker - Official Trailer,4,,
Stand-Up Comedy With Maud Pie,4,,
Concepts (Pmv),4,,
Ufp 93: A Tale Of Two Twilights,3,,
Smoke And Mirrors - Gotye Pmv,3,,
ğŸ ğŸ€ ğ’«ğ‘€ğ’± ğŸ€ ğŸğŸ…±ï¸ğŸ…»â­•ğŸ†† 4 ~ ä¹‡á¯ä¹‡å°ºã„šã„’å„ä¸¨å‡ á¶ ä¹ƒã„¥ã„–å±±ä¸‚,3,,
Five Nights At Pinkieâ€™S Arcade,3,,
Tomorrow By Wubby Dubby | (Wear Headphones),3,,
-Scraps- No Mercy,3,,
"Mlp Baby Animatic ""Discord And Fluttershy Best Friends Forever""",3,,
Glimmer - Teaser Trailer - Now Playing On Youtube,2,,
Mlp: Pony Life | Clip Officiel 2 âœ¨,2,,
Flutter Circulation ğŸ‰ | Fluttershy Sings Renai Circulation (æ‹æ„›ã‚µãƒ¼ã‚­ãƒ¥ãƒ¬ãƒ¼ã‚·ãƒ§ãƒ³),2,,
My Little Pony Life Oh Gosh,2,,
Pmv | Say You Won'T Let Go,2,,
Twilight Sparkle'S Upgrade,2,,
Wake Up,2,,
"Everything Wrong With Mlp: Equestria Girls - ""Holidays Unwrapped""",2,,
Apple_Spin.Mp4,2,,
One Second Of Rarity From Every Episode Of Mlp,2,,
The Magic Of Friendship Grows But It'S An Unexpected Twitter Thread,2,,
[Sfm Ponies] Steel Vs Feathers,1,,
Totally Legit Recap: â€œGoing To Seedâ€ Season 9 Episode 10,1,,
Disconnected Final Teaser,1,,
ã€Pmv Collabã€‘ Stay Closer,1,,
ã€Pmv Collabã€‘Stay Closer,1,,
How The Magic Of Friendship Grows,1,,
Solidarity Map [Happy Birthday Mlp:Fim],1,,
"Fallout Equestria ""Nocturnal Creatures"" [Sfm]",1,,
My Little Reviews: A Horse Shoe In,1,,
[Sfm Canterlot Wedding] Smackdown Round 1 Celestia Vs Chrysalis,1,,
Gateway,1,,
Pony Life Announcment,1,,
Robot Boy,1,,
Anyway Here'S The Wonderbolt [Animation],1,,
Speak Life [Pmv Collab],1,,
Nocturnal Creatures,1,,
Look Back: Season 9 ã€Animationã€‘,1,,
Pmv~Phoenix,1,,
[Link] Pmv Collab Stay Close,1,,
[Sfm] Mlp Submerged Pinkie Pie Meme,1,,
New Mlp Series Will Be Chibi Style?!?,1,,
Mlp Season 9 In A Nutshell: Ep. 23 The Big Mac Question,1,,
Tf2 Analysis: â€œAsking For The Moonâ€,1,,
Griffin Village Animation - Official Teaser,1,,
If You'Re Happy And You Know It ||| Song + Twist! ||| 3D Cartoon Animation Music Video,1,,
Vr Five Nights At Pinkie'S Lights Out,1,,
Is The New Mlp Series Following'Teen Titans' Example,1,,
Mlp:Au - The Silver Alicorn Chronicles Movie Trailer (Fan Animation),1,,
Pmv Bad Guy,1,,
[Pmv] Rainbow Dash (Counting Stars),1,,
My Little Pony Generation 5 Leaks,1,,
[Mlp Comic Dub] Like A Swan (Comedy),1,,
Everything Right/Wrong With The Ending Of The End In 14 Minutes Or Less,1,,
Tinker Surprise (Unfinished),1,,
One Second Of Applejack From Every Episode Of Mlp,1,,
The Well Mlp Fanfic Reading (Darkfic),1,,
[Sfm] Mlp Submerged Pinkamena Meme,1,,
My Little Pony--Evolution 1963-2019,1,,
G4 Was Super Rad (Animatic),1,,
"Tf2 Analysis: ""Voice And Fox Bonus Argument""",1,,
Mlp Season 9 In A Nutshell: Ep. 23 â€œThe Big Mac Questionâ€,1,,
Faulty - Double Time Dash [The Game!] [Electro House],1,,
Weiss Reacts To Pony Life,1,,
My Little Reviews: Growing Up Is Hard To Do,1,,
[2/8] Think Of Me-Animatic,1,,
[Pmv] Tm - Forever,1,,
Till I'M Over,1,,
[New] Adorable Mlp Baby Animation And Comic Compilation (My Little Pony),1,,
2019 Midnight Mares Teaser Trailer,1,,
Pony Tales [Mlp Fanfic Reading] 'It Doesn'T Matter Now' By Loganberry (Random/Slice-Of-Life),1,,
My Little Pony: Friendship Is Magic - A Meme An Episode,1,,
My Little Reviews: She Talks To Angel,1,,
Pmv: Mulan - I'Ll Make A Man Out Of You,1,,
"My Little Reviews: 2,4,6, Greaaat",1,,
Sfm | Animal I Have Become | Mlp Oc |,1,,
My Little Reviews: Dragon Dropped,1,,