"Mlp:Fim [Animation] ""Ponyville'S Incident""",41,80.39%,51
A Shocking Illness (Animation),35,68.63%,51
Different View Of Destiny [Mlp Animation],35,68.63%,51
Two Best Sisters Play - Red Dead Redemption 2,31,60.78%,51
A Derpy Robot Repair,30,58.82%,51
Totally Legit Recap: The Beginning Of The End (Part 2) Season 9 Episode 2,24,47.06%,51
Pw:Aa X Mlp:Fim - Elements Of Justice ~ Turnabout Theatre (Case 1) [Part 1/2],18,35.29%,51
Step By Step Flutterr,16,31.37%,51
Mlp Animatic - Trixie'S Interview Extravaganza - Short Clips Compilation,14,27.45%,51
Bronies React: Season 9 Premiere (The Beginning Of The End),14,27.45%,51
Forest Bird | Pmv Collab,11,,
Ponys' First Words! Mlp Baby Comic,7,,
"Mlp Season 9 In A Nutshell: Ep. 12 ""The Last Crusade""",6,,
"Mlp Season 9 In A Nutshell: Ep. 11 ""Student Counsel""",6,,
"Tf2 Analysis: ""Green Inferno"" (Part 2)",5,,
If Fluttershy Was A Bad Singer Ii Music In The Treetops Cover,4,,
"Totally Legit Recap: ""Sparkle'S Seven"" Season 9 Episode 4",4,,
Fluttershy Reacts To Friendship Is Manly Ii Super Buff-Shy,3,,
Kdatest W.I.P Test 01,3,,
Princewhateverer - What'S New Apple Bloom? [Mlp S9 Spoilers] (Parody),3,,
Everything Right/Wrong With Spring Breakdown In 11 1/2 Minutes Or Less,3,,
"Mlp Season 9 In A Nutshell: Ep. 10 ""Going To Seed""",2,,
Spikezilla: King Of The Monsters - Final Trailer,2,,
"Applejack Sings ""Old Town Road"" (Parody) ü§†",2,,
Scootertrix The Abridged: The Movie - Official Trailer,2,,
A Buck To The Face - Honest Apple,2,,
Top 10 Fathers In Mlp,2,,
My Little Pony - The Flim Flam Brothers Super Speedy Cider Squeezy 6000 Song (Live Acoustic Cover),2,,
(Parody) Everything Wrong With Princess Spike In 5 Minutes,1,,
Dr Crafty! E64- Socializing Is Arcane,1,,
Ponyville'S Incident,1,,
Touch The Sky ~ Rainbow Dash Cover,1,,
Dragon Ball Super: Broly,1,,
[Metal Pmv] Lucky Fluttershy,1,,
[Pmv Collab] The Calling,1,,
Fantasias Ponyficadas De Ayer Y Hoy #2,1,,
Hurricane Wondershy By Mrponiator,1,,
"Mlp Baby Comic ""The Gift"" [Brony Babies]",1,,
Greatest Showman Pmv: Rewrite The Stars,1,,
"Ponies Sing: ""You Need To Calm Down"" (Ashleyh)",1,,
"Dragon Ball Pony Super: Endgame | ""Honor"" Tv Spot",1,,
Mlp:Fim [Animation] ‚ÄúPonyville Incident‚Äù,1,,
Bronies React: Season 9 Premiere (The Beginning Of The End,1,,
Something Strange Happened To My Little Pony... Creepypasta Story + Drawing (Scary Stories),1,,
Dragon Pony Super: Age Of Tirek,1,,
Fluttershy Vs Isabelle,1,,
[Sfm] Everfree Team - Cinematic Trailer,1,,
"Mlp Season 9 In A Nutshell: Ep.11 ""Student Counsel""",1,,
Pw:Aa X Mlp:Fim - Elements Of Justice ~,1,,
Pmv Collab-Silence-(Flutterdash),1,,
Bats! | My Little Pony: Friendship Is Magic | Cover,1,,
"Ultimate ""Speechless"" Pmv (With Sing-Along Lyrics)",1,,
The Shadow Chronicles Season 3 Ep 4 - Queen'S Return (Mlp Fanfic),1,,
Into The Woods - Agony (Mlp Animatic),1,,
"Mlp Season 9 In A Nutshell: Ep. 9 ""Sweet And Smoky""",1,,
Dragon Pony Z Kai - Rainbow! Break! Care! Break! (Dragon Ball Z Kai X Mlp - The Movie Mashup),1,,
Pw:Aa X Mlp:Fim - Elements Of Justice - Turnabout Theatre (Case 1) [Part 1/2],1,,
Fluttershy'S Enchanting Underwater World!,1,,
Remembrance Episode 9 Official Trailer,1,,
Celestia Plays Cs:Go,1,,
Pony And The Beast- Belle (My Little Pony Animatic),1,,
Gloriosa Meets An Emo Camper,1,,
Guests Of Honor Introduction Video - Everfree Northwest 2019,1,,
Forest Bird| Pmv Collab,1,,
Let'S Revisit Bronycon 2012!,1,,
The Wondering Unicorn - Animated Music Video,1,,
Pinkie'S Mom Has It Goin' On - Comic By Shoutingisfun,1,,
Drake And Josh But It'S Actually My Little Pony,1,,
[Sfm Ponies] Control (With Celestia And Daybreaker),1,,
Promo | Rainbow Roadtrip (All-New Special!) | Mlp: Fim [Hd],1,,
Mlp Season 9 In A Nutshell: Ep. 11 ‚ÄúStudent Counsel‚Äù,1,,
Cloning Ashley H'S Twilight Sparkle Voice - Voice Actor Vs. Lyrebird,1,,
Is ...That A Giant Floating Diamond?,1,,
Taking Parent Map Too Seriously Ft. Fluffdragonart,1,,
Mlp Baby Comic ‚ÄúThe Gift‚Äù [Brony Babies],1,,
Trixie'S Interview Extravaganza - Short Clips Compilation,1,,
What'S New Apple Bloom? [Mlp S9 Spoilers] (Parody),1,,
Celebpony Jeopardy 9,1,,
"Tf2 Analysis: ""A Change Of Form""",1,,