Time For Two [Animation],58,65.17%,89
A Derpy Reflection,39,43.82%,89
Kim Possible Meets My Little Pony,38,42.70%,89
Gdtts: Epilogue [Disney X Mlp Animation],37,41.57%,89
Two Best Sisters Play - Assassin'S Creed: Unity,33,37.08%,89
6/6 The Man I Used To Be (Animatic),33,37.08%,89
Totally Legit Recap: Rainbow Rocks (Part 3),31,34.83%,89
[Pmv Collab] - Happy,30,33.71%,89
"Mlp Animatic ""Anything You Can Do, I Can Do Better!"" (Pinkie Pie And Cheese Sandwich Cover)",30,33.71%,89
Flash Sentry Waifu Thief,25,28.09%,89
【Pmv/Collab】Bonfire Heart,17,19.10%,89
Royal Correspondence: Episode 19,17,19.10%,89
The Mob Song - Mlp Animatic,15,16.85%,89
Love | Pmv,15,16.85%,89
Pmv Collab - Overthinking,14,15.73%,89
After The Fact: The Lover,11,12.36%,89
Viii: Unison | Season 8 Pmv,10,11.24%,89
[Pmv] Illusion,10,11.24%,89
A Buck To The Face - Legend Of Everfree,9,10.11%,89
King Of The Clouds [Pmv],9,,
[Metal Pmv] Sweet Dreams,8,,
[Sfm/Pony] Code Crush,7,,
"(Sandbar X Gallus) ""Better To Lie""",6,,
Hats,6,,
The Twilight/Trixie Saga: Nullifying A Princess (Part 2),5,,
Doki Doki Pony Club [Animation],3,,
"Mlp Original Song - (Mlp:Fim Is Ending) ""Thank You For The Fun!""",3,,
The Sisters' Prologue 2 - Trailer,3,,
Let This Go | Pmv Collab,3,,
[Tcg Short] Blue Streak At The Oscars,2,,
Where The Apple Lies Ft. Keyframe,2,,
My Little Pony Animated To Copyright Free Music - Csp,2,,
"Mlp Baby Comic ""Presents From Pinkie Pie""",2,,
Mlp:Fim - How To Get Things Done!,2,,
Mlp Anime Intro - Hahcon Taiatari Romance,2,,
The Man I Used To Be (Animatic),1,,
[Animatic] The Great And Powerful Rocket,1,,
Pmv - You'Re The Inspiration,1,,
Animation: A Derpy Reflection,1,,
La Venda (Pmv),1,,
[Pmv] Nothing Worth Saving - Dangerkids,1,,
"Mlp Animatic ""Anything You Can Do, I Can Do Better! (Pinkie Pie And Cheese Sandwich Cover)",1,,
Amwdw Lightning Bliss - Character Development Recap,1,,
[Sfm Ponies] Mare Avengers: End Game,1,,
"My Little Reviews: Hearts Warming Club, Friendship University, & Yakity Sax",1,,
My Little Pony Animated To Copyright Free Music #2 - Csp,1,,
"Mlp Animatic ‘Anything You Can Do, I Can Do Better’ (Pinkie Pie And Cheese Sandwich Cover)",1,,
My Little Pony: The Abridged Series - Episode #19 - Rarity Commits Tax Fraud,1,,
[Sfm] Mother Of Button,1,,
Sfm Ponies Kirin Santeria,1,,
Mlp:Fim [Pmv] The Young 6 - Tribute 2 - Beautiful Now,1,,
Discord [Kinetic Typography],1,,
Spike'S Got No More F***S To Give,1,,
Reacting To.. Fluttershy Game Stream? | Fluttershee.. Is Canon?,1,,
[Blind Commentary] Mlp Season 8 In A Nutshell (Eps #20-26),1,,
After The Fact: The Mane Attraction,1,,
Pmv Collab – Overthinking,1,,
Trailer | Melvin Est Magique The Anime,1,,
Isdek.Mp4,1,,
"Starlight The Hypnotist, But Twilight Is Afraid Of Quesadillas",1,,
Two Best Sisters Play - Assassin’S Creed: Unity,1,,
When We Meet Again,1,,
For Good ~ Pinkiedash Cover [Month Of Lurve 2019],1,,
The Perfect Pear Afterthoughts,1,,
Derpibooru After Dark,1,,
"""Just A World Away!"" By Wubby Dubby (Using Kriz'S Pony Oc)",1,,
Ponyville Pd-Interview Pinkie Pie-,1,,
Teen Beach Movie Pmv: Can'T Stop Singing,1,,
Not Evil Pmv,1,,
Cartoon Millionaire Episode 1,1,,
Pinkie Pie Middle,1,,
Gdtts:Epilogue [Disney X Mlp Animation],1,,
Tik Tok Pmv | Kesha | Mlp Eg | Created By Shama Faraz |,1,,
"[Mlp Clopfic Reading] ""Dynamic Statics"" By Sprontr",1,,
[Pmv Collab] – Happy,1,,
The Greatest Show - The Grand Return (Music Video),1,,
4Everfreebrony - The Highest Tower (Feat. Eilemonty) [Album Release],0,,
Garden Party - Petrified,0,,
"""Brand New Start"" (Play Your Part Cover) 5 Year Anniversary Special",0,,
Tardy Pony Music: Koron Korak - Time Is Running Out (Feat. Sdreamexplorers) [Pony Folk Metal],0,,
The Top 10 Pony Videos Of January 2019,0,,
Hard-Hitting Fanfic Music: Vylet Pony - Swarm (Feat. The Living Tombstone & Klrx) [Dubstep],0,,
Banging Remix Of A Classic: Eurobeat Brony - Luna (Rokii Remix) [Dubstep],0,,
"4Everfreebrony - Who Knows (Feat. Milkymomo, Eilemonty, & Memj0123)",0,,