Busted (Mlp In Real Life),28,75.68%,37
A Derpy Bounding Buddy,23,62.16%,37
"Totally Legit Recap: ""She'S All Yak"" Season 9 Episode 7",20,54.05%,37
"Mlp Season 9 In A Nutshell: Ep. 21 ""Daring Doubt""",13,35.14%,37
The Pony Appreciation Melody,12,32.43%,37
Flight Of The Flutterbee,11,29.73%,37
Mlp Baby Animation - Cheering Up Pinkie Pie,9,24.32%,37
The Twilight/Trixie Saga: Star Of The Show (Part 3),7,18.92%,37
Mary Sue Tells Dad Jokes,7,18.92%,37
Ponmar,7,18.92%,37
"My Little Fanfic: Bloopers Are Required! (115,000 Subscriber Special)",6,16.22%,37
Doctor Whooves And Assistant [Ep 12] Elementary Is Magic [1/2],4,10.81%,37
"Mlp Season 9 In A Nutshell: Ep. 17 ""The Summer Sun Setback""",4,10.81%,37
My Little Pony Endgame (An Avengers Endgame Parody),4,10.81%,37
Mlp Starlight Glimmer Experiences Reality,4,10.81%,37
A Better Love Story Than Twilight 4: Alithornication [Part 4 Of 6],4,10.81%,37
Fluttershy And A Giraffe,4,10.81%,37
Inside Unicorn Pony Teleportation,3,8.11%,37
Taking Horse Play Too Seriously Ft. Midnight Sonata,3,8.11%,37
U Got That | Full Version [Pmv] / My Little Pony / Mlp / Pony Music Video,2,,
After The Fact: Digi D√©j√† Vu,2,,
Internal Conflict [Sfm],2,,
Be More Chill Pmv: Michael In The Bathroom,2,,
Mlp Season 9 Ep. 21 In A Nutshell: Daring Doubt,1,,
Ponydocks [Scrapped...Kinda?],1,,
Did Grogar Bail Out Nightmare Moon? (Spoiler Free),1,,
"The Mare Who Became Queen Episode Two: ""Love Will Guide Us Safely Through""",1,,
[Metal Pmv] Tempest,1,,
Ufp Director'S Commentary 15: Maud For Your Money,1,,
"Mlp Season 9 In A Nutshell: Ep. 18 ""She Talks To Angel""",1,,
A Better Love Story Than Twilight 4: Alithornication Part 6,1,,
[Metal Pmv] The Insanity Mane 6,1,,
Everything Right/Wrong With Rainbow Roadtrip In 14 1/2 Minutes Or Less,1,,
Pinkie Pie Re-Imagined (Mlp Redesign),1,,
Fallout Equestria: Origin Story - Ch 2 - Second Mission Report (Mlp Fanfic Reading) (Adventure),1,,
Waifu 8K 60Fps,1,,
Mlp Baby Animation: Cheering Up Pinkie Pie,1,,
"Oh, Little Dragon - Pony Parody Of Roy Orbison",1,,
My Little Tale - Episode 4 - Salted Sands,1,,
Mlp Recap Of: Dragon Dropped,1,,
Surprise Fandub Parte 1 (Surprise Trilogy),1,,
My Little Fanfic: Bloopers Are Required,1,,
[Blind Reaction] Mlp:Fim S09E19 - Dragon Dropped,1,,
My Little Reviews: Summer Sun Setback (Feat. Round Trip),1,,
Waitress Pmv: When He Sees Me,1,,
"¬´Mlp Meme Animation¬ª By - ""Witch And Cat""",1,,
Kirin Voices,1,,
Mlp And Marvel Memes,1,,
Fluttershy Plays Untitled Goose Game | *Honks Assertively* ü¶Ü,1,,
üî•Full Sunüî•[Sfm Live Wallpaper],1,,
Amwdw Aramau And Saying Goodbye,1,,
Is Fluttercord Now Confirmed Canon In The Show?!?,1,,
Cat Reacts To Pony Robot,1,,
Mlp - Boot To The Head,1,,
Break This Down Pmv,1,,
Mlp Heathers - Big Fun,1,,
Geek And Ray'S Baloney'S React Duo (Kirin Episode - All Submissions),1,,
[Mlp Sfm] Chandelialan Meme,1,,
Fluffle Puff'S Bootleg Adventure,1,,
Mlp Animation - Cut My Hair - Fluttershy Singing Cover [Pmv],1,,
Earth To Pony- [Episode 2] (Mlp In Real Life),1,,
Colorless,1,,
My Dragon Waifu - Crusader! (Ember Fan Song),1,,
Pinkie Pie Moon Landing But It Gets Faster And Faster,1,,
Isabelle Does Fluttershy'S Taxes. | So Helpful! üçâ,1,,
The Worst Ending Ever. Mlp Fim Finale Review,1,,
Studio C Pmv: Poker Face,1,,
Eg Manga: El Regreso De Las Dazzlings + Undertale: ¬øLos Esqueletos No Tienen Miembro?,1,,
[Mlp Comic Dub] Lunacakes (Comedy),1,,
"[Fandub] | Mlp - El Lugar Para Pertenecer (Ft. Anibiskus, Citlaly Alebrije & Otros)",1,,
Making Them'S Fightin' Herds: The Story Of Mane6,1,,
Friday Night Fights - Jackbox (Ft. Lucky Knight),1,,
[Sfm] Area 51 Raid,1,,
"Dashie Is Mine, Forever - Speedpaint Mlp ( Warning )",1,,