Magic Lessons [Animation],53,26.6,
The Mlp Movie In A Nutshell,36,9.6,
Pony Irl: Art,31,4.6,
My Lego Pony: Rescue Of Angel,27,0.6,
Background Pony Brawl,22,-4.4,
Nothing Stopping Me [Pmv Collab],22,-4.4,
Brony 2017,22,-4.4,
"Totally Legit Recap: ""Secrets And Pies"" Season 7 Episode 23",21,-5.4,
A Royal Problem [ Sfm Ponies ],18,-8.4,
Pony Town Animation: He Got My Slice Of Pizza!!,12,-14.4,
Mlp Animation: A Fluttercord Nightmare?!,11,,
My Name Is Pinkie Pie,9,,AVG: 26.4
[Sfm] Abba - Happy New Year 2018,8,,
ùë≠ùíÇùíçùíçùíêùíñùíï ùë¨ùííùíñùíÜùíîùíïùíìùíäùíÇ - Outside [Ch 2 - P1] (Sfm),8,,
[Sfm Ponies] Waffles,7,,
Typical Day In Ponyville,7,,
Bullets,7,,
I'Ll Be Around | Pmv,5,,
Screaming Alicorns,4,,
Hookahlestia,4,,
[Pmv] Without Me | The Pink Side Of The Moon | #1,4,,
Vrchat - The Ponies Have Arrived - War Against Knuckles,4,,
My Little Pony: Equestria Girls (Blender 3D Animation),3,,
Pinkie Pie Googles Herself üçâ,3,,
"Mlp Sings ""Ponies Just Want To Have Fun"" Pinkie Pie Pmv",3,,
[10K Special] Shelter - Collab Cover And Animatic (Ft. Ashley H And 11 Artists~),3,,
Fluttershy Googles Herself Again + Deviantart?? üçâ,3,,
Lady Gaga - Poker Face Feat. Cmc [Ponydub],3,,
"Mlp Movie Pmv: ""Jump Up Super Star""",3,,
Five Nights At Pinkie'S 6 - The Labyrinth Below [Sfm] | 4K |,3,,
Applejack'S Is Moving Away [Sfm Ponies Animation],3,,
What Rich Ponies Are Probably Like (Part 1) | Prozd Animated,2,,
[Mlp Comic Dub] The Damage Fee (Comedy),2,,
Outside - Fallout Equestria Chapter 2 - Part 1 (Sfm),2,,
A Royal Problem [Sfm Ponies],2,,
One Small Thing Collab Cover Ft. Pinkie Rose (From The Mlp Movie),2,,
"The Mlp Movie In A Nutshell But Every ""What The Hay"" Makes It Faster",2,,
"Analyst Bronies React: Season 7 Finale ""Shadow Play""",2,,
Teacup,2,,
Starlight Glimmer'S Nervous Laughs,2,,
"Mlp Baby Comic Dub ""How Babies Are Made - Pinkie Pie Version""",2,,
My Little Pony: The Movie Censored!,2,,
I'Ll Show Thee Da Whey,2,,
The Great And Soluble Trixie (Melting Animation) My Little Pony,2,,
Mlp Comic Dub - The Strength Of Earth Ponies (Comedy),2,,
(Sneak Peak 2) I Know It'S Today - Mlp Animatic,2,,
"Random Pony Goofs, Ep. 5",2,,
[Re-Direct] Everything Right/Wrong W/Mlp(2017),2,,
Pmv || Perfect Two - Perfect Pear,2,,
Still Breathing | The Pmvs Of 2017,2,,
Pmv All Of The Stars (Colored Animatic),2,,
My Lego Pony: Rescue Angel,1,,
The Numbers Don'T Lie Chapter One With Custom Artwork,1,,
Magic Lessons,1,,
Magic Lessons (Animation),1,,
[Pmv] Without Me | The Pink Side Of The Moon,1,,
Pinkie Pie Googles Herself,1,,
[Blind Commentary] Pinkielovania,1,,
Boutique Break-In! - My Little Investigations #1,1,,
[Sfm Ponies] Braving The Woods (Markiplier Let'S Play Animation),1,,
"Everybody Loves Me (Meme) - ""My Little Oc""",1,,
Pony Irl: Art Magic Lessons [Animation],1,,
Damp Rocks: Trixie At The Rock Farm Animatic (Fan Dub - Maud/Trixie),1,,
Taking The Saddle Row Review Too Seriously Ft Finnthepony,1,,
Applejack'S Friendship Quest (Mlp In Real Life),1,,
[Mlp Luna Pmv] Liberi Fatali [Remastered] (8K Subs Special),1,,
Finish Her!,1,,
Smurf Is Best Pony | Mlp,1,,
My Little Reviews: Shadow Play,1,,
Mlp My Little Pony Equestria Girls Animation - Baby Rainbow Dash And Applejack Playing With Balloons,1,,
My Little Pony Spoiler Alert Season 8 Leaked,1,,
Pretty Much Look Before You Sleep,1,,
Wolf - Pmv,1,,
Totally Legit Recap:Secrets And Pies Season 7 Episode 23,1,,
Brony Egos - Brony Problems: Episode 30,1,,
The Plagues (Final Project),1,,
Major Lazer - Lean On (Feat. My Little Pony),1,,
"Mlp ""Ponies Just Want To Have Fun"" Pinkie Pie Song Pmv",1,,
After The Fact: The One Where Pinkie Pie Knows,1,,
[Mlp Comic Dub] World Of Assassins (Dark/Sad),1,,
(Sfm/Ponies) Lancer Shot - Firefly,1,,
Glims;Gate: Otp (Steins Gate Parody),1,,
Just Dashin' | Pink Marmalade,1,,
"Mlp Baby Comic ""Magical Outbursts""",1,,
Somewhere Out There - Pmv,1,,
[Mlp Comic Dub] Sibling Rivalry (Dark Comedy),1,,
Reacting To My First Fluttershy Plays [Fnaf 1] üçâ,1,,
Magic Lessions [Animation],1,,
¬°Feliz A√±o Nuevo!,1,,
Fluttershy Googles Herself Again + Deviantart??,1,,
Top 10 Characters From Mlp Season 7,1,,
Mlp Animation: A Fluttercord Nightmare?,1,,
Sfm: Waffles,1,,
Stay [Pmv],1,,
[Sfm Ponies] The Old Gods Call,1,,
After Effects Cc | Recreating Starlight Glimmer'S Magic Effects!,1,,
[Blind Reaction] Sailor Moon Meets My Little Pony (2/2),1,,
Custom Twilight Doll [ My Little Pony Ooak ],1,,
Promo #4 | Mlp: Equestria Girls | Forgotten Friendship (1 Hour Special!) [Hd],1,,
The My Little Pony: Friendship Is Magic Movie Pmv - Off To See The World,1,,
My Lego Pony - Rescue Of Angel,1,,
Abba - Happy New Year 2018,1,,
Mlp: Equestria Girls Season 1 - 'Fluttershy'S Little Birdie' üê¶ Exclusive Short,1,,
[Mlp Comic Dub] Pillow Fight (Saucy Comedy),1,,
Top 10 Sunset Shimmer Moments,1,,
"Mlp Comic Dub ""How Babies Are Made - Applejack Version""",1,,
[Sfm] Anything You Can Do - Cancelled Animation,1,,
Blind Reaction My Little Pony Equestria Girls Better Together Episode 12 'Best Trends Forever',1,,
Flares,1,,
Pmv: Tangled The Series - Ready As I'Ll Ever Be,1,,
Totally Legit Recap: ‚ÄúSecrets And Pies‚Äù Season 7 Episode 23,1,,
"Every Rarity ""Darling"" - My Little Pony: Friendship Is Magic",1,,
Pretty Much Dragonshy,1,,
My Little Pony Growing Up Compilation,1,,
Mlp: Equestria Girls Season 1 - 'Twilight Sparkle'S Little Shop Of Horrors' üåª Exclusive Short,1,,
Down B,1,,
Pretty Much Mare In The Moon,1,,
[Blind Commentary] Pinkie Tales: Little Red Riding Bloom,1,,
Fluttershy Googles Herself Again,1,,
A Health Of Information In Five Minutes,1,,
"Totally Legit Recap ""Secrets And Pies"" Season 7 Episode 23",1,,
Let'S Talj Generation 5 Leaks,1,,
Impending Message,1,,
Flares By Tre,1,,
Mlp Equestria Girls Trees Show Transforms With Animation My Little Pony Video Episode For Kids Hd,1,,
Animated Atrocities 148 - Fame And Misfortune [Fim Mlp],1,,
[Mlp Comic Dub] Rainbow'S World (Comedy),1,,
"Every Trixie ""Great And Powerful"" - My Little Pony: Friendship Is Magic",1,,
Remembrance: Full Theme Song - Cover By Sunlestia,1,,
"Cancelled Project: Discord, The Animated Pmv",1,,
Pmv] Without Me | The Pink Side Of The Moon | #1,1,,
[Ytp] The My Little Pony Movie Ytp,1,,
Fire Hive - Wip,1,,
Part Of Your World (Fluttershy Cover),1,,
Bluebrony - Namby Pamby (Pegasys Remix) [Glitch Hop],1,,
Mlp:Fim Season 6 In About 110 Seconds,1,,
Time To Be Awesome - [Mlp:Fim Movie Cover],1,,
Rainbow Dash Dubs: I Could Just Scream!,1,,