Mlp Rainbow Rocks In A Nutshell,18,54.55%,33,
Spoiled Date Animation. The Other Pony,15,45.45%,33,
A Girl Like You! (Diamond Tiara X Cozy Glow) Short Animatic,10,30.30%,33,
‚ôú Reforming Cozy Glow ‚ôñ,8,24.24%,33,
Equality - Nextgen!Oc Pmv,7,21.21%,33,Creator already placed higher on list. HM.
Relaxing (Mlp/Sfm Animation),7,21.21%,33,
Pmv | Long Live | Mlp: Friendship Is Magic Recap [1Million Subscribers Special],6,18.18%,33,
A Moment Of Peace,5,15.15%,33,Too short
Taking Uncommon Bond Too Seriously Ft. Silver Quill,5,15.15%,33,
The Last Bronycon: A Fandom Autopsy,5,15.15%,33,
All Of The Catchphrases || Mlp:Fim,5,15.15%,33,
"Hang In There, Luna. I'Ll Be Right Back!",5,15.15%,33,Too short. HM.
Reforming Chrysalis ü¶ã,4,12.12%,33,Creator already placed higher on list.
"[Sfm Ponies] ""Alien"" Pmv",4,12.12%,33,Wrong month
Congrats (Sfmpony),4,12.12%,33,Too short
[Sfm Shorts] Pinkie Pie Beat Box,4,12.12%,33,
Taking A Walk,3,9.09%,33,
Pony Life The Musical (Warning: Very Deep) :'(,3,9.09%,33,
Solar Flare 2 - Teaser [Sfm/3D Ponies],3,9.09%,33,
After The Fact: Pony Life ‚Äì Princess Probz,3,9.09%,33,
Flutterchan Meets Classic Fluttershee | 1 Million Subscribers Special,2,6.06%,33,
Bonus Bronies React: The End Of My Little Pony G4 (The Last Problem),2,6.06%,33,HM
Princewhateverer - This Party Never Ends (Ft. Blackened) [Pony Life],2,6.06%,33,
Remembrance Deleted Song (Ep9),2,6.06%,33,
(Parody) Everything Wrong With The Hooffields And Mccolts In 5 Minutes Or Less,2,6.06%,33,
Reflection [Mulan] - Mlp Animatic,2,6.06%,33,
[Mlp] [Sfm] Halsey - Control [Five Nights At Aj'S 4] [Animated By Juliya],2,6.06%,33,
„ÄêMlp„ÄëRobin'S Stupid Rigging: Giraffe Twilight Spakle,2,6.06%,33,
Frozen 2: Show Yourself; Pmv,2,,,
"Empathic And Introverted Ft Aeonofdreams, Silver Quill And Thespio",2,,,
Mlp Princess Trixie Sparkle 2 Teaser Trailer And Artist Application,1,,,
Mlp I Can See A Rainbow - (Collab With : Mlp Shimmer Shine ) - T√ºrk√ße Altyazƒ±lƒ±,1,,,
Lefty'S Inspections - The Summer Sun Setback Review [Mlp Season 9],1,,,
Collab | House Of Memories,1,,,
Do Better (Sfm Animation - With Credits),1,,,
Rainbow Rocks In A Nutshell,1,,,
‚Ä† Kda Popstars ~ Pony Animation ‚Ä†,1,,,
Equality Nextgen!Oc Pmv,1,,,
"Unfinished Animation - Big Sister, Little Sister: Pong",1,,,
Cookie Mania,1,,,
Pony Life The Musical,1,,,
Pony Tales [Mlp Fanfic Reading] 'I Can'T Marry You' By Rated Ponystar (Sadfic/Romance - Appledash),1,,,
The Final Bronycon - Day 2 & 3 - An Entire Year Later,1,,,
Workaholics Anonymous: Tyandaga Comic Dub (Comedy),1,,,
The Darkest Dawn Episode 1 Official Trailer,1,,,
Round Trip Rainbow Rocks In A Nutshell,1,,,
Woah-Oh-Oh-Ah-Ah-Ah-Aaaa-Ha-Ah-Ah-Ah!!! (Super Multi Major Version),1,,,
What Is The Brony Culture (Video Presentation),1,,,
‚ÄúWorkaholics Anonymous: Drwolf‚Äù Comic Dub,1,,,
[Mlp Comic Dub] 12 Books (Comedy),1,,,
"I'M In A Perfect Relationship"" [Central Park] (Musetrip Animatic)",1,,,
I Lived / Pmv Mlp Fim,1,,,
[Mlp]Megalovania'S Pony,1,,,
Animatic - Reflection - Twilight Sparkle Cover,1,,,
Ace Analyst: Mlp Idw Micro #6 Review/Analysis,1,,,
Far Away Final : Mlp S9 Ep 26,1,,,
Congrats,1,,,
[Mlp] [Sfm] Halsey - Control [Five Nights At Aj'S 4] [Animated By Juliya,1,,,
[Sfm\Pony\Meme] My Little Pony - Badass Animation Meme üòçüòç,1,,,
A Montage About Twilight Sparkle,1,,,
My Little Pony: Friendship Is Magic - A Kirin Tale (Multilanguage),1,,,
Pmv|Long Live|Mlp: Friendship Is Magic Recap [1 Million Subscriber Special],1,,,
~Gimme More ~|Pmv|~ Mlp~,1,,,
Did Hasbro Hate The Student Six? | My Little Pony Toy Review,1,,,
My Little Pony - Badass Animation Meme üòçüòç,1,,,
"Mlp Season One Retrospective ""Top Five Episodes""",1,,,
Pony Life,1,,,
"Everything Wrong With My Little Pony: Pony Life ""Pinkie Pie: Hyper-Helper""",1,,,
Pmv- Crybaby- (Short),1,,,
Believer Pmv | Mlp,1,,,
"The Next 2 Are Not Long Enough, But I Like Them Way Too Much Not To Include Them Somehow",1,,,
Touch Tone Telephone (Mlp - Cozy Glow Pmv),1,,,
Workaholics Anonymous: Eliyora Comic Dub (Comedy),1,,,
History Repeats: Episode 01- Trailer [Full Cast Audio Drama],1,,,
Follow Our Lead [ Young Justice ],1,,,
Fluttershy Confronts Episode 1: Applejack,1,,,
Workaholics Anonymous: Thespio Comic Dub (Comedy),1,,,