It's Picnic Time,43,81.13%,53,
„ÄêMlp/Animation„ÄëReflections,42,79.25%,53,
Different View Of Perception [ Animation ],37,69.81%,53,
Pmv Collab - What We Had,25,47.17%,53,
[Pmv\Sfm] ‚ù§Ô∏è Forget About Love ‚ù§Ô∏è(Aladdin Parody),23,43.40%,53,
To The Skies (Feat. Chi-Chi) [Pmv],22,41.51%,53,
The Complete My Little Pony: Friendship Is Magic Timeline (2020),21,39.62%,53,
Mlp Animation - Ask Ponies - Rarity,21,39.62%,53,
Some Nights [Sfm],17,32.08%,53,
Pony Pony Pony Pony [Pony Dance Music],13,24.53%,53,
"Skipe's Fanfic ""Mlp Animation""",9,16.98%,53,HM
The Arrival - A Dimensional Shift Short,8,15.09%,53,HM
"Tf2 Analysis: ""Red Vs Blue"" (Part Three)",7,13.21%,53,
A Workaholic Moment,7,13.21%,53,
Yoshi Greenwater Youtube Live Shorts Vol. 6,6,11.32%,53,
"[Sfm Ponies] ""Alien"" Pmv",5,9.43%,53,
Equestria Central Television,3,5.66%,53,
The Powerpuff Ponies Vs Lord Tirek,3,5.66%,53,
My Sides Part 2: H.U.R.T [Sfm],3,5.66%,53,
[Sfm/Ponies] Hurt (Demon'S Tribute),3,5.66%,53,
Friendship Is Memeworthy,2,3.77%,53,
The Changeling Conspiracy,2,3.77%,53,
Pmv | Nobody Can Save Me,2,3.77%,53,
Ufp 99: Gilda'D Idols,2,3.77%,53,
Ambient Update #8,2,3.77%,53,
Only Thing Thay Fear Is You[Pmv] Pony,1,1.89%,53,
My Sides Part 2: H.U.R.T. [Sfm],1,1.89%,53,
Late For School,1,1.89%,53,
„ÄêPmv„Äë- No Better Feelin',1,1.89%,53,
My Little Addams Family-One Normal Night,1,1.89%,53,
[Watch Party] Eoj - Case 1 - Ep 1,1,1.89%,53,
Finally Solving Pinkie Pie üéà,1,1.89%,53,
Tf2 Analysis: ‚ÄúRed Vs Blue‚Äù (Part Three),1,1.89%,53,
[Sfm Ponies]: Ok Boomer,1,1.89%,53,
Mlp: Pony Life Opening; Pmv,1,1.89%,53,
The Dazzlings: Season 3 (E03) - Encounter From The Ice Age,1,1.89%,53,
If You Wanna Hear My Little Ponies Cursing... | Animatic,1,1.89%,53,
4Everfreebrony - Luna (Kaiser Chiefs Ponified),1,1.89%,53,
Mlp Animation -Ask Ponies-Rarity,1,1.89%,53,
"üí°Bright Ideaüí° In ""A Pizza My Mind"" (Featuring Jasper Pie)",1,1.89%,53,
You Know //My Little Pony Animation Meme//,1,1.89%,53,
It'S Picnic Timethe Arrival - A Dimensional Shift Short,1,1.89%,53,
It‚ÄôS Picnic Time,1,1.89%,53,
Mlp Vs Pony Life ( Fan Animation ) M6 Reaction.,1,1.89%,53,
I Made This First Thing In The Morning,1,1.89%,53,
(Parody) Everything Wrong With What About Discord? In 5 Minutes Or Less,1,,,
Do Better (Sfm Animation - With Credits),1,,,
(Gmod) Lovers In Arms - Part 1,1,,,
Applejack'S Apple Pie Seeds,1,,,
Fluttershy Goes To Her New Home On The Edge Of The Block,1,,,
"Princewhateverer - Breaking Bonds 2020 (Ft. P1K, Nrg, Voodoo, Suskii & Lulz) [Explicit]",1,,,
The Powerpuff Ponies Vs Cozy Glow,1,,,