Headmare Of The School [Animation],57,79.17%,72,
"Frostpony (Mlp:Fim Animation, Frostpunk Crossover)",51,70.83%,72,
Man Versus Ponies 5 (Mlp In Real Life),48,66.67%,72,
Different View Of Darkness [Mlp Animation],38,52.78%,72,
Paper Derpy'S First Movie ~Chapter 2~,32,44.44%,72,
My Voice (Song Parody) - Yeahbutthendragons & Round Trip,29,40.28%,72,
Aspect,28,38.89%,72,
"[Sfm\Pmv] My Russian Pony ""Девочка Моя Синеглазая""",27,37.50%,72,
Friendship Is Randomly Musical 5,22,30.56%,72,
[Mlp/Animation] I Am Pretty,18,25.00%,72,
Ponytown Version: Let'S Hear One!,17,23.61%,72,HM
[Pmv] Something Comforting,15,20.83%,72,HM
Friendship Is Randomly Musical 6,14,19.44%,72,
La De Da De Da De Da De Day Oh (Pmv Collab),12,16.67%,72,HM
Phenomenal | Pmv,11,15.28%,72,
[Pmv Collab] Rising Sun,9,12.50%,72,
"Mlp Sings ""Angel Of Music"" Animatic [Phantom Of The Opera] 1.5/6",8,11.11%,72,
"Tf2 Analysis: ""Red Vs. Blue"" (Part Two)",7,9.72%,72,
Ask Ponies - Pinkie Pie And Rainbow Dash [Animatic],7,9.72%,72,
Koron Korak - Twilight Sparkle Music Box Toy Advertising,6,8.33%,72,
Every Friendship Is Magic Song In 5 Words Or Less,6,8.33%,72,
Twitaro Vs Stardio [Mlp/Jojo'S Bizarre Adventure],6,8.33%,72,
The Twilight/Trixie Saga: Eyes Of The Amulet (Part 4)(ᵀʰᵃⁿᵏˢ ᶠᵒʳ ⁵⁰ᵏ ˢᵘᵇˢ!),4,5.56%,72,
Animation - Circus - Mlp Pinkie Sings Cover Pmv,4,5.56%,72,
【Mlp/Animation】Reflections Preview,4,5.56%,72,
After The Fact: The Point Of No Return,3,4.17%,72,
(Parody) Everything Wrong With Scare Master In 5 Minutes,3,4.17%,72,
"""My Little Pony Is A Show For Little Girls""",3,4.17%,72,
Pony Shenanigans (Volume 18),3,4.17%,72,
Ufp 98: The At Odds Couple,2,2.78%,72,
Of Course I Didn'T Forget-,2,2.78%,72,
"Sfm Ponies George Carlin ""Coronavirus Germs""",2,2.78%,72,
I Am Sawtooth Waves,2,2.78%,72,
Be My Lightning Bliss Music Video By Crusader!,2,2.78%,72,
А Что Если Бы Вы Следили За Мной...,2,2.78%,72,
Mlp Sings 'Angel Of Music' Animatic [Phantom Of The Opera] 1.5/6,2,2.78%,72,
"Rainbow Falls 3 - Episode 3 - ""My Little Girl""",1,1.39%,72,
Lotta Little Leaks,1,1.39%,72,
Tf2 Analysis: “Red Vs. Blue” (Part Two),1,1.39%,72,
My Little Pony | Lions Inside,1,1.39%,72,
"Friendship Is Witchcraft You Smooze, You Lose",1,1.39%,72,
"George Carlin ""Coronavirus Germs!"" Sfm Ponies",1,1.39%,72,
"Mlp Baby Comic ""Twilight Sparkle'S First Book!""",1,1.39%,72,
Beauty And The Beast Trailer (Mlp Style),1,1.39%,72,
My Little Steven Universe-For Just One Day Let'S Only Think About Love,1,1.39%,72,
"Mlp Sings ""Angel Of Music"" Animatic [Phantom Of Opera] 1.5/6",1,1.39%,72,
Hard To Say Anything Review,1,1.39%,72,
"Jyc Row & Princewhateverer - Together, Against The Sisters (Feat. Celica Soldream)",1,1.39%,72,
Moral Of The Story - Not Looking For Trouble,1,1.39%,72,
My Little Pony Hello Pinkie Pie,1,1.39%,72,
【Pmv】- Circles,1,1.39%,72,
Princewhateverer - Despondency [Comm],1,1.39%,72,
Что Было Бы В 10 Сезоне [Злая Твайка],1,1.39%,72,
"[Sfm] Rainbow Falls 3 - Episode 3 - ""My Little Girl""",1,1.39%,72,
Anygoldenkey Do Viva Las Vegas,1,1.39%,72,
Twilight Is A Dictator,1,1.39%,72,
Atomic Rim Chapter 2 The Sacrifice,1,1.39%,72,
4Everfreebrony - Hallelujah (Mlp:Fim Verses),1,1.39%,72,
The True Gift Of Gifting - Translations Gone Wrong,1,1.39%,72,
Awesome God,1,1.39%,72,
4Everfreebrony - Rainbow (Priestess Ponified),1,1.39%,72,
Jyc & Prince - Together Against The Sisters (Ft. Celica Soldream) [Link Vid],1,1.39%,72,
"* Thank You So Much For Continuing These Videos, Littleshyfim!*",1,1.39%,72,
Ponigame Developer Map (Day) - May 2020,1,1.39%,72,
When Brushie Brusha Goes To The Experiment,1,1.39%,72,
"""Her Name"" Animatic (Remembrance)",1,1.39%,72,
My Little Addams Family-Where Did We Go Wrong,1,1.39%,72,